{
	"label":[0.0, 1.0, 2.0, 3.0, 4.0, 5.0, 6.0, 7.0, 8.0, 9.0],
	"data":[
              [7e-05, 0.000165, 0.0, 0.012063, 3.42879, 0.0, 19.364202, 0.0, 0.002183, 0.011806],
              [1.0, 190.364202, 0.0, 0.002183, 0.011806, 7e-05, 0.000165, 0.0, 0.012063, 3.42879]
            ],
    "series":["with staging disk", "without staging disk"]
}
